Configuration,Min_Passing_Period_ns,WNS_at_Pass_ns,Nearest_Failing_Period_ns,WNS_at_Fail_ns,Timing_Closure_Fmax_MHz,Status
RCA_ARRAY,26.3,0.234,26.2,-0.057,38.02,PASS
RCA_WALLACE,14.6,0.167,14.5,-0.044,68.49,PASS
RCA_VEDIC,16.5,0.116,16.4,-0.192,60.61,PASS
CSLA_ARRAY,25.8,0.304,25.7,-0.097,38.76,PASS
CSLA_WALLACE,14.3,0.087,14.2,-0.363,69.93,PASS
CSLA_VEDIC,16.6,0.146,16.5,-0.098,60.24,PASS
KSA_ARRAY,25.6,0.036,25.5,-0.613,39.06,PASS
KSA_WALLACE,14.7,0.057,14.6,-0.002,68.03,PASS
KSA_VEDIC,16.1,0.169,16.0,-0.478,62.11,PASS
