Configuration,Total Power (W),Dynamic Power (W),Static Power (W),Confidence,Nets Matched,u_core Power (W),ALU Power (W),Multiplier Power (W),DMEM Power (W)
RCA_ARRAY,0.171,0.048,0.123,Medium,15%   (723/4918),0.042,0.035,0.035,0.002
RCA_WALLACE,0.164,0.041,0.123,Medium,17%   (793/4617),0.035,0.029,0.029,0.002
RCA_VEDIC,0.141,0.018,0.123,High,29%   (1500/5168),0.012,0.006,0.006,0.002
CSLA_ARRAY,0.172,0.048,0.123,Medium,15%   (735/4973),0.042,0.035,0.035,0.002
CSLA_WALLACE,0.165,0.042,0.123,Medium,17%   (787/4633),0.035,0.029,0.029,0.002
CSLA_VEDIC,0.142,0.019,0.123,High,29%   (1492/5166),0.012,0.006,0.006,0.002
KSA_ARRAY,0.169,0.046,0.123,Medium,14%   (723/5090),0.040,0.033,0.033,0.002
KSA_WALLACE,0.165,0.041,0.123,Medium,16%   (778/4779),0.036,0.030,0.029,0.002
KSA_VEDIC,0.141,0.018,0.123,High,28%   (1483/5312),0.013,0.007,0.006,0.002
